Workbook

Sheet Questions
A1: CheckList | B1: Question Name | C1: Topic | D1: Difficulty | E1: LeetCode / Problem No. | F1: LeetCode / Problem Link | G1: Pattern | H1: Revision | I1: Notes
A2: ☐ | B2: Assign Cookies | C2: Greedy | D2: Easy | E2: 455 | F2: https://leetcode.com/problems/assign-cookies/ | G2: Sorting + Greedy | H2: ☐
A3: ☐ | B3: Lemonade Change | C3: Greedy | D3: Easy | E3: 860 | F3: https://leetcode.com/problems/lemonade-change/ | G3: Greedy + Counting | H3: ☐
A4: ☐ | B4: Best Time to Buy and Sell Stock II | C4: Greedy | D4: Easy | E4: 122 | F4: https://leetcode.com/problems/best-time-to-buy-and-sell-stock-ii/ | G4: Greedy | H4: ☐
A5: ☐ | B5: Two City Scheduling | C5: Greedy | D5: Medium | E5: 1029 | F5: https://leetcode.com/problems/two-city-scheduling/ | G5: Sort by Cost Difference | H5: ☐
A6: ☐ | B6: Non-overlapping Intervals | C6: Greedy | D6: Medium | E6: 435 | F6: https://leetcode.com/problems/non-overlapping-intervals/ | G6: Interval Greedy | H6: ☐
A7: ☐ | B7: Minimum Number of Arrows to Burst Balloons | C7: Greedy | D7: Medium | E7: 452 | F7: https://leetcode.com/problems/minimum-number-of-arrows-to-burst-balloons/ | G7: Interval Greedy | H7: ☐
A8: ☐ | B8: Partition Labels | C8: Greedy | D8: Medium | E8: 763 | F8: https://leetcode.com/problems/partition-labels/ | G8: Greedy + Last Occurrence | H8: ☐
A9: ☐ | B9: Jump Game | C9: Greedy | D9: Medium | E9: 55 | F9: https://leetcode.com/problems/jump-game/ | G9: Reachability Greedy | H9: ☐
A10: ☐ | B10: Jump Game II | C10: Greedy | D10: Medium | E10: 45 | F10: https://leetcode.com/problems/jump-game-ii/ | G10: Greedy BFS-like | H10: ☐
A11: ☐ | B11: Gas Station | C11: Greedy | D11: Medium | E11: 134 | F11: https://leetcode.com/problems/gas-station/ | G11: Greedy Invariant | H11: ☐
A12: ☐ | B12: Queue Reconstruction by Height | C12: Greedy | D12: Medium | E12: 406 | F12: https://leetcode.com/problems/queue-reconstruction-by-height/ | G12: Sort + Greedy | H12: ☐
A13: ☐ | B13: Boats to Save People | C13: Greedy | D13: Medium | E13: 881 | F13: https://leetcode.com/problems/boats-to-save-people/ | G13: Two Pointers + Greedy | H13: ☐
... A67: ☐ | B67: Partition Array Into Two Arrays to Minimize Sum Difference | C67: Meet in the Middle | D67: Hard | E67: 2035 | F67: https://leetcode.com/problems/partition-array-into-two-arrays-to-minimize-sum-difference/ | G67: Meet in the Middle | H67: ☐
A68: ☐ | B68: Range Minimum Query (resource practice) | C68: Sparse Table | D68: Advanced | E68: — | F68: https://cp-algorithms.com/data_structures/sparse-table.html | G68: Sparse Table | H68: ☐
A69: ☐ | B69: Static Range Queries (resource practice) | C69: Sparse Table | D69: Advanced | E69: — | F69: https://usaco.guide/plat/sparse-tables | G69: Sparse Table | H69: ☐
A70: ☐ | B70: Distinct Values Queries (practice) | C70: Mo's Algorithm | D70: Advanced | E70: — | F70: https://codeforces.com/blog/entry/61203 | G70: Mo's Algorithm | H70: ☐
A71: ☐ | B71: Powerful array / range frequency queries | C71: Mo's Algorithm | D71: Advanced | E71: 86 | F71: https://codeforces.com/problemset/problem/86/D | G71: Mo's Algorithm | H71: ☐
A72: ☐ | B72: D-query / Distinct Query | C72: Mo's Algorithm | D72: Advanced | E72: — | F72: https://www.spoj.com/problems/DQUERY/ | G72: Mo's Algorithm | H72: ☐

Sheet Topic Summary
A1: Topic | B1: Questions | C1: Completed | D1: Remaining | E1: Progress
A2: Bit Manipulation | B2: =COUNTIF(Questions!C:C,A2) | C2: =COUNTIFS(Questions!C:C,A2,Questions!A:A,"☑") | D2: =B2-C2 | E2: =IF(B2=0,0,C2/B2)
A3: Disjoint Set Union | B3: =COUNTIF(Questions!C:C,A3) | C3: =COUNTIFS(Questions!C:C,A3,Questions!A:A,"☑") | D3: =B3-C3 | E3: =IF(B3=0,0,C3/B3)
A4: Divide & Conquer | B4: =COUNTIF(Questions!C:C,A4) | C4: =COUNTIFS(Questions!C:C,A4,Questions!A:A,"☑") | D4: =B4-C4 | E4: =IF(B4=0,0,C4/B4)
A5: Greedy | B5: =COUNTIF(Questions!C:C,A5) | C5: =COUNTIFS(Questions!C:C,A5,Questions!A:A,"☑") | D5: =B5-C5 | E5: =IF(B5=0,0,C5/B5)
A6: Meet in the Middle | B6: =COUNTIF(Questions!C:C,A6) | C6: =COUNTIFS(Questions!C:C,A6,Questions!A:A,"☑") | D6: =B6-C6 | E6: =IF(B6=0,0,C6/B6)
A7: Mo's Algorithm | B7: =COUNTIF(Questions!C:C,A7) | C7: =COUNTIFS(Questions!C:C,A7,Questions!A:A,"☑") | D7: =B7-C7 | E7: =IF(B7=0,0,C7/B7)
A8: Segment Tree | B8: =COUNTIF(Questions!C:C,A8) | C8: =COUNTIFS(Questions!C:C,A8,Questions!A:A,"☑") | D8: =B8-C8 | E8: =IF(B8=0,0,C8/B8)
A9: Sparse Table | B9: =COUNTIF(Questions!C:C,A9) | C9: =COUNTIFS(Questions!C:C,A9,Questions!A:A,"☑") | D9: =B9-C9 | E9: =IF(B9=0,0,C9/B9)
A11: TOTAL | B11: =SUM(B2:B9) | C11: =SUM(C2:C9) | D11: =SUM(D2:D9) | E11: =IF(B10=0,0,C10/B10)

Sheet Resources
A1: Topic | B1: Resource | C1: Link | D1: Type | E1: Why Use It
A2: Greedy | B2: LeetCode Greedy problem collection | C2: https://leetcode.com/tag/greedy/ | D2: Practice | E2: Official LeetCode topic tag
A3: Greedy | B3: LeetCode Greedy discussion roadmap | C3: https://leetcode.com/discuss/post/5330283/Mastering-Greedy-Algorithms-with-LeetCode-Problems/ | D3: Roadmap | E3: Curated greedy progression
A4: Bit Manipulation | B4: LeetCode Bit Manipulation tag | C4: https://leetcode.com/tag/bit-manipulation/ | D4: Practice | E4: Official LeetCode topic tag
A5: Bit Manipulation | B5: LeetCode Bit Manipulation guide | C5: https://leetcode.com/discuss/post/3629570/Bit-Manipulation-ororBasics-for-Beginners-oror-Concepts-with-all-curated-problems/ | D5: Guide | E5: Concepts + curated problems
A6: Segment Tree | B6: LeetCode Segment Tree tag | C6: https://leetcode.com/tag/segment-tree/ | D6: Practice | E6: Official LeetCode topic tag
A7: Segment Tree | B7: CP-Algorithms Segment Tree | C7: https://cp-algorithms.com/data_structures/segment_tree.html | D7: Reference | E7: Excellent implementation reference
A8: Segment Tree | B8: USACO Guide Segment Tree | C8: https://usaco.guide/plat/segtree-ext | D8: Guide | E8: Competitive programming guide
A9: Fenwick Tree | B9: CP-Algorithms Fenwick Tree | C9: https://cp-algorithms.com/data_structures/fenwick.html | D9: Reference | E9: Binary Indexed Tree reference
A10: Fenwick Tree | B10: USACO Guide Fenwick Tree | C10: https://usaco.guide/plat/fenwick | D10: Guide | E10: Competitive programming guide
A11: DSU | B11: LeetCode DSU-related problems | C11: https://leetcode.com/tag/union-find/ | D11: Practice | E11: Official LeetCode topic tag
A12: DSU | B12: CP-Algorithms DSU | C12: https://cp-algorithms.com/data_structures/disjoint_set_union.html | D12: Reference | E12: Union-Find, path compression, union by size/rank
... A22: Interview | B22: NeetCode Roadmap | C22: https://neetcode.io/roadmap | D22: Roadmap | E22: Interview-oriented practice

Sheet Study Plan
A1: Week | B1: Focus | C1: What to Learn | D1: Suggested Problems
A2: Week 1 | B2: Greedy foundations | C2: Greedy proof, interval scheduling, sorting + greedy | D2: 10–12
A3: Week 2 | B3: Advanced Greedy | C3: Heap greedy, scheduling, hard greedy | D3: 10–12
A4: Week 3 | B4: Bit Manipulation | C4: Binary, operators, XOR, bit tricks | D4: 12–15
A5: Week 4 | B5: Bit Manipulation Advanced | C5: Bitmasking, XOR patterns, hard problems | D5: 10–12
A6: Week 5 | B6: Fenwick + Segment Tree | C6: BIT/Fenwick, segment tree basics | D6: 8–10
A7: Week 6 | B7: Segment Tree Advanced | C7: Lazy propagation + range-query problems | D7: 8–10
A8: Week 7 | B8: DSU + Divide & Conquer | C8: Union-Find, MST applications, divide/conquer | D8: 10–12
A9: Week 8 | B9: Advanced Algorithms | C9: Meet-in-middle, sparse table, Mo's + mixed test | D9: 10–12

Sheet Concept Checklist
A1: CheckList | B1: Topic | C1: Concept | D1: Revision Notes
A2: ☐ | B2: Greedy | C2: Greedy choice property
A3: ☐ | B3: Greedy | C3: Optimal substructure
A4: ☐ | B4: Greedy | C4: Exchange argument
A5: ☐ | B5: Greedy | C5: Interval scheduling
A6: ☐ | B6: Greedy | C6: Greedy + heap
A7: ☐ | B7: Bit Manipulation | C7: Binary representation
A8: ☐ | B8: Bit Manipulation | C8: AND / OR / XOR
A9: ☐ | B9: Bit Manipulation | C9: Set / clear / toggle bit
A10: ☐ | B10: Bit Manipulation | C10: n & (n-1)
A11: ☐ | B11: Bit Manipulation | C11: Lowest set bit
A12: ☐ | B12: Bit Manipulation | C12: Prefix XOR
A13: ☐ | B13: Bit Manipulation | C13: Bitmask subsets
... A39: ☐ | B39: Mo's Algorithm | C39: Add/remove maintenance
