Workbook

Sheet DP Practice
A1: CheckList | B1: Question Name | C1: Topic | D1: LeetCode Link / Question NO. | E1: Difficulty | F1: Revision / Notes
A2: ☐ | B2: Fibonacci Number | C2: 1D DP | D2: LeetCode #509 | E2: Easy
A3: ☐ | B3: Climbing Stairs | C3: 1D DP | D3: LeetCode #70 | E3: Easy
A4: ☐ | B4: Min Cost Climbing Stairs | C4: 1D DP | D4: LeetCode #746 | E4: Easy
A5: ☐ | B5: House Robber | C5: 1D DP | D5: LeetCode #198 | E5: Medium
A6: ☐ | B6: House Robber II | C6: 1D DP | D6: LeetCode #213 | E6: Medium
A7: ☐ | B7: Maximum Subarray | C7: 1D DP / Kadane | D7: LeetCode #53 | E7: Medium
A8: ☐ | B8: Decode Ways | C8: 1D DP / String DP | D8: LeetCode #91 | E8: Medium
A9: ☐ | B9: Jump Game | C9: 1D DP / Greedy | D9: LeetCode #55 | E9: Medium
A10: ☐ | B10: Jump Game II | C10: 1D DP / Greedy | D10: LeetCode #45 | E10: Medium
A11: ☐ | B11: Perfect Squares | C11: 1D DP | D11: LeetCode #279 | E11: Medium
A12: ☐ | B12: Word Break | C12: String DP | D12: LeetCode #139 | E12: Medium
A13: ☐ | B13: Partition Equal Subset Sum | C13: 0/1 Knapsack | D13: LeetCode #416 | E13: Medium
... A67: ☐ | B67: Predict the Winner | C67: Game DP | D67: LeetCode #486 | E67: Medium

Sheet Topic Checklist
A1: Topic | B1: Questions | C1: Completed | D1: Revision Done | E1: Notes
A2: 1D DP | B2: =COUNTIF('DP Practice'!C:C,A2)
A3: 1D DP / Kadane | B3: =COUNTIF('DP Practice'!C:C,A3)
A4: 1D DP / String DP | B4: =COUNTIF('DP Practice'!C:C,A4)
A5: 1D DP / Greedy | B5: =COUNTIF('DP Practice'!C:C,A5)
A6: String DP | B6: =COUNTIF('DP Practice'!C:C,A6)
A7: 0/1 Knapsack | B7: =COUNTIF('DP Practice'!C:C,A7)
A8: Unbounded Knapsack | B8: =COUNTIF('DP Practice'!C:C,A8)
A9: LIS | B9: =COUNTIF('DP Practice'!C:C,A9)
A10: LIS + Binary Search | B10: =COUNTIF('DP Practice'!C:C,A10)
A11: LCS | B11: =COUNTIF('DP Practice'!C:C,A11)
A12: LCS Family | B12: =COUNTIF('DP Practice'!C:C,A12)
A13: Grid DP | B13: =COUNTIF('DP Practice'!C:C,A13)
... A24: Game DP | B24: =COUNTIF('DP Practice'!C:C,A24)

Sheet How to Use
A1: DP Practice Tracker
A2: 1. Solve the problem without looking at the solution.
A3: 2. Mark CheckList as ☑ after solving independently.
A4: 3. Use Revision / Notes to record mistakes, state definitions, or key transitions.
A5: 4. Re-solve difficult problems after a gap of several days.
A6: 5. Do not memorize the recurrence; write what dp[state] means in English first.
A7: 6. Track patterns: 1D DP, Knapsack, LIS, LCS, Grid, Interval, Stock, Tree, DAG, Bitmask, Digit DP.
